,Seat
0,
1,PC 17599-C85
2,
3,113803-C123
4,
5,
6,17463-E46
7,
8,
9,
10,PP 9549-G6
11,113783-C103
12,
13,
14,
15,
16,
17,
18,
19,
20,
21,248698-D56
22,
23,113788-A6
24,
25,
26,
27,19950-C23 C25 C27
28,
29,
30,
31,PC 17569-B78
32,
33,
34,
35,
36,
37,
38,
39,
40,
41,
42,
43,
44,
45,
46,
47,
48,
49,
50,
51,
52,PC 17572-D33
53,
54,113509-B30
55,19947-C52
56,
57,
58,
59,
60,
61,113572-B28
62,36973-C83
63,
64,
65,
66,C.A. 29395-F33
67,
68,
69,
70,
71,
72,
73,
74,
75,348123-F G73
76,
77,
78,
79,
80,
81,
82,
83,
84,
85,
86,
87,
88,19950-C23 C25 C27
89,
90,
91,
92,W.E.P. 5734-E31
93,
94,
95,
96,PC 17754-A5
97,PC 17759-D10 D12
98,
99,
100,
101,
102,35281-D26
103,
104,
105,
106,
107,
108,
109,
110,110465-C110
111,
112,
113,
114,
115,
116,
117,
118,PC 17558-B58 B60
119,
120,
121,
122,
123,27267-E101
124,35281-D26
125,
126,
127,
128,2668-F E69
129,
130,
131,
132,
133,
134,
135,
136,11752-D47
137,113803-C123
138,
139,PC 17593-B86
140,
141,
142,
143,
144,
145,
146,
147,
148,230080-F2
149,
150,
151,113776-C2
152,
153,
154,
155,
156,
157,
158,
159,
160,
161,
162,
163,
164,
165,
166,113505-E33
167,
168,
169,
170,111240-B19
171,
172,
173,
174,17764-A7
175,
176,
177,PC 17595-C49
178,
179,
180,
181,
182,
183,230136-F4
184,
185,113767-A32
186,
187,
188,
189,
190,
191,
192,
193,230080-F2
194,PC 17610-B4
195,PC 17569-B80
196,
197,
198,
199,
200,
201,
202,
203,
204,
205,347054-G6
206,
207,
208,
209,112277-A31
210,
211,
212,
213,
214,
215,35273-D36
216,
217,
218,11813-D15
219,
220,
221,
222,
223,
224,19943-C93
225,
226,
227,
228,
229,
230,36973-C83
231,
232,
233,
234,
235,
236,
237,
238,
239,
240,
241,
242,
243,
244,
245,19928-C78
246,
247,
248,11751-D35
249,
250,
251,347054-G6
252,113514-C87
253,
254,
255,
256,
257,110152-B77
258,
259,
260,
261,
262,110413-E67
263,112059-B94
264,
265,
266,
267,
268,PC 17582-C125
269,PC 17760-C99
270,
271,
272,
273,PC 17596-C118
274,
275,13502-D7
276,
277,
278,
279,
280,
281,
282,
283,
284,113056-A19
285,
286,
287,
288,
289,
290,
291,11967-B49
292,SC/Paris 2163-D
293,
294,
295,
296,
297,113781-C22 C26
298,19988-C106
299,PC 17558-B58 B60
300,
301,
302,
303,226593-E101
304,
305,113781-C22 C26
306,
307,PC 17758-C65
308,
309,PC 17485-E36
310,11767-C54
311,PC 17608-B57 B59 B63 B66
312,
313,
314,
315,
316,
317,
318,36928-C7
319,16966-E34
320,
321,
322,
323,
324,
325,PC 17760-C32
326,
327,28551-D
328,
329,111361-B18
330,
331,113043-C124
332,PC 17582-C91
333,
334,
335,
336,113776-C2
337,16966-E40
338,
339,113784-T
340,230080-F2
341,19950-C23 C25 C27
342,
343,
344,
345,248733-F33
346,
347,
348,
349,
350,
351,113510-C128
352,
353,
354,
355,
356,113505-E33
357,
358,
359,
360,
361,
362,
363,
364,
365,
366,110813-D37
367,
368,
369,PC 17477-B35
370,11765-E50
371,
372,
373,
374,
375,
376,
377,113503-C82
378,
379,
380,
381,
382,
383,
384,
385,
386,
387,
388,
389,
390,113760-B96 B98
391,
392,
393,35273-D36
394,PP 9549-G6
395,
396,
397,
398,
399,
400,
401,
402,
403,
404,
405,
406,
407,
408,
409,
410,
411,
412,19928-C78
413,
414,
415,
416,
417,
418,
419,
420,
421,
422,
423,
424,
425,
426,
427,
428,
429,SOTON/O.Q. 392078-E10
430,110564-C52
431,
432,
433,
434,13507-E44
435,113760-B96 B98
436,
437,
438,19950-C23 C25 C27
439,
440,
441,
442,
443,
444,
445,33638-A34
446,
447,
448,
449,113786-C104
450,
451,
452,113051-C111
453,17453-C92
454,
455,
456,13509-E38
457,17464-D21
458,
459,
460,19952-E12
461,
462,111320-E63
463,
464,
465,
466,
467,
468,
469,
470,
471,
472,
473,SC/AH Basle 541-D
474,
475,110465-A14
476,
477,
478,
479,
480,
481,
482,
483,
484,11967-B49
485,
486,19943-C93
487,11771-B37
488,
489,
490,
491,
492,113787-C30
493,
494,
495,
496,36947-D20
497,
498,113781-C22 C26
499,
500,
501,
502,
503,
504,110152-B79
505,PC 17758-C65
506,
507,
508,
509,
510,
511,
512,PC 17473-E25
513,
514,
515,36967-D46
516,C.A. 34260-F33
517,
518,
519,
520,12749-B73
521,
522,
523,111361-B18
524,
525,
526,
527,PC 17483-C95
528,
529,
530,
531,
532,
533,
534,
535,
536,113050-B38
537,
538,
539,13568-B39
540,WE/P 5735-B22
541,
542,
543,
544,PC 17761-C86
545,
546,
547,
548,
549,
550,17421-C70
551,
552,
553,
554,
555,
556,11755-A16
557,
558,110413-E67
559,
560,
561,
562,
563,
564,
565,
566,
567,
568,
569,
570,
571,11769-C101
572,PC 17474-E25
573,
574,
575,
576,
577,13507-E44
578,
579,
580,
581,17421-C68
582,
583,13049-A10
584,
585,110413-E68
586,
587,13567-B41
588,
589,
590,
591,36947-D20
592,
593,
594,
595,
596,
597,
598,
599,PC 17485-A20
600,
601,
602,
603,
604,
605,
606,
607,
608,
609,PC 17582-C125
610,
611,
612,
613,
614,
615,
616,
617,
618,230136-F4
619,
620,
621,11753-D19
622,
623,
624,
625,36963-D50
626,
627,13502-D9
628,
629,
630,27042-A23
631,
632,13214-B50
633,
634,
635,
636,
637,
638,
639,
640,
641,PC 17477-B35
642,
643,
644,
645,PC 17572-D33
646,
647,13213-A26
648,
649,
650,
651,
652,
653,
654,
655,
656,
657,
658,
659,35273-D48
660,
661,
662,5727-E58
663,
664,
665,
666,
667,
668,
669,19996-C126
670,
671,F.C. 12750-B71
672,
673,
674,
675,
676,
677,
678,
679,PC 17755-B51 B53 B55
680,
681,PC 17572-D49
682,
683,
684,
685,
686,
687,
688,
689,24160-B5
690,17474-B20
691,
692,
693,
694,
695,
696,
697,
698,17421-C68
699,348121-F G63
700,PC 17757-C62 C64
701,PC 17475-E24
702,
703,
704,
705,
706,
707,PC 17476-E24
708,
709,
710,PC 17482-C90
711,113028-C124
712,19996-C126
713,
714,
715,348124-F G73
716,PC 17757-C45
717,34218-E101
718,
719,
720,
721,
722,
723,
724,113806-E8
725,
726,
727,
728,
729,
730,24160-B5
731,
732,
733,
734,
735,
736,
737,PC 17755-B101
738,
739,
740,16988-D45
741,19877-C46
742,PC 17608-B57 B59 B63 B66
743,
744,
745,WE/P 5735-B22
746,
747,
748,113773-D30
749,
750,
751,392096-E121
752,
753,
754,
755,
756,
757,
758,
759,110152-B77
760,
761,
762,
763,113760-B96 B98
764,
765,13502-D11
766,
767,
768,
769,
770,
771,
772,S.O./P.P. 3-E77
773,
774,
775,
776,383121-F38
777,
778,
779,24160-B3
780,
781,17474-B20
782,113501-D6
783,
784,
785,
786,
787,
788,
789,PC 17593-B82 B84
790,
791,
792,
793,
794,
795,
796,17465-D17
797,
798,
799,
800,
801,
802,113760-B96 B98
803,
804,
805,
806,112050-A36
807,
808,
809,113806-E8
810,
811,
812,
813,
814,
815,112058-B102
816,
817,
818,
819,
820,12749-B69
821,
822,
823,392096-E121
824,
825,
826,
827,
828,
829,113572-B28
830,
831,
832,
833,
834,
835,PC 17756-E49
836,
837,
838,
839,11774-C47
840,
841,
842,
843,
844,
845,
846,
847,
848,
849,17453-C92
850,
851,
852,
853,PC 17592-D28
854,
855,
856,
857,113055-E17
858,
859,
860,
861,
862,17466-D17
863,
864,
865,
866,
867,PC 17590-A24
868,
869,
870,
871,11751-D35
872,695-B51 B53 B55
873,
874,
875,
876,
877,
878,
879,11767-C50
880,
881,
882,
883,
884,
885,
886,
887,112053-B42
888,
889,111369-C148
890,
